0.6793893129770993,frozenset({'rs1026435|A/A'})
0.72264631043257,frozenset({'rs10503675|A/A'})
0.8040712468193384,frozenset({'rs1200130|C/C'})
0.7531806615776081,frozenset({'rs1200135|G/G'})
0.7938931297709924,frozenset({'rs1200137|C/C'})
0.7633587786259542,frozenset({'rs1358714|A/A'})
0.638676844783715,frozenset({'rs1678690|G/G'})
0.8244274809160306,frozenset({'rs17412009|C/C'})
0.7201017811704835,frozenset({'rs2070703|C/C'})
0.6513994910941476,frozenset({'rs2072462|T/C'})
0.72264631043257,frozenset({'rs3766031|C/C'})
0.6972010178117048,frozenset({'rs3807154|G/G'})
0.7531806615776081,frozenset({'rs6458080|T/T'})
0.6692111959287532,frozenset({'rs919390|C/C'})
0.6641221374045801,"frozenset({'rs1026435|A/A', 'rs3807154|G/G'})"
0.7175572519083969,"frozenset({'rs10503675|A/A', 'rs17412009|C/C'})"
0.6310432569974554,"frozenset({'rs1200137|C/C', 'rs1200130|C/C'})"
0.6106870229007634,"frozenset({'rs1358714|A/A', 'rs1200130|C/C'})"
0.6692111959287532,"frozenset({'rs17412009|C/C', 'rs1200130|C/C'})"
0.6005089058524173,"frozenset({'rs2070703|C/C', 'rs1200130|C/C'})"
0.6437659033078881,"frozenset({'rs3766031|C/C', 'rs1200130|C/C'})"
0.6106870229007634,"frozenset({'rs6458080|T/T', 'rs1200130|C/C'})"
0.7379134860050891,"frozenset({'rs1200137|C/C', 'rs1200135|G/G'})"
0.732824427480916,"frozenset({'rs1200135|G/G', 'rs1358714|A/A'})"
0.6157760814249363,"frozenset({'rs17412009|C/C', 'rs1200135|G/G'})"
0.7455470737913485,"frozenset({'rs1200137|C/C', 'rs1358714|A/A'})"
0.6564885496183206,"frozenset({'rs1200137|C/C', 'rs17412009|C/C'})"
0.6030534351145038,"frozenset({'rs1200137|C/C', 'rs6458080|T/T'})"
0.6259541984732825,"frozenset({'rs17412009|C/C', 'rs1358714|A/A'})"
0.6335877862595419,"frozenset({'rs6458080|T/T', 'rs1678690|G/G'})"
0.6463104325699746,"frozenset({'rs17412009|C/C', 'rs6458080|T/T'})"
0.6005089058524173,"frozenset({'rs1200137|C/C', 'rs1358714|A/A', 'rs1200130|C/C'})"
0.7201017811704835,"frozenset({'rs1200137|C/C', 'rs1200135|G/G', 'rs1358714|A/A'})"
0.6081424936386769,"frozenset({'rs1200137|C/C', 'rs17412009|C/C', 'rs1200135|G/G'})"
0.6005089058524173,"frozenset({'rs17412009|C/C', 'rs1200135|G/G', 'rs1358714|A/A'})"
0.6132315521628499,"frozenset({'rs1200137|C/C', 'rs17412009|C/C', 'rs1358714|A/A'})"
