0.6730506155950753,frozenset({'rs1026435|A/A'})
0.6484268125854993,frozenset({'rs10503675|A/A'})
0.7633378932968536,frozenset({'rs1200130|C/C'})
0.7264021887824897,frozenset({'rs1200135|G/G'})
0.7633378932968536,frozenset({'rs1200137|C/C'})
0.719562243502052,frozenset({'rs1358714|A/A'})
0.7756497948016415,frozenset({'rs17412009|C/C'})
0.7209302325581395,frozenset({'rs2070703|C/C'})
0.66484268125855,frozenset({'rs2072462|T/C'})
0.7127222982216143,frozenset({'rs3766031|C/C'})
0.6935704514363885,frozenset({'rs3807154|G/G'})
0.7031463748290013,frozenset({'rs6458080|T/T'})
0.6716826265389877,frozenset({'rs919390|C/C'})
0.667578659370725,"frozenset({'rs1026435|A/A', 'rs3807154|G/G'})"
0.6484268125854993,"frozenset({'rs10503675|A/A', 'rs17412009|C/C'})"
0.6169630642954856,"frozenset({'rs3766031|C/C', 'rs1200130|C/C'})"
0.7004103967168263,"frozenset({'rs1200137|C/C', 'rs1200135|G/G'})"
0.7058823529411765,"frozenset({'rs1200135|G/G', 'rs1358714|A/A'})"
0.7058823529411765,"frozenset({'rs1200137|C/C', 'rs1358714|A/A'})"
0.600547195622435,"frozenset({'rs1200137|C/C', 'rs17412009|C/C'})"
0.6922024623803009,"frozenset({'rs1200137|C/C', 'rs1200135|G/G', 'rs1358714|A/A'})"
